{"matrix": [[1405.3660068563458, 0.0, 636.5654112105731], [0.0, 1410.4844610280325, 484.53481783329613], [0.0, 0.0, 1.0]], "distortion": [[0.040488492775184105, 0.6006298188942639, 0.0008274651664925115, 0.0013817561494382652, -3.461088439038813]]}