{"matrix": [[1132.8856507620053, 0.0, 601.1425446244416], [0.0, 1132.9704771469092, 439.96674520969077], [0.0, 0.0, 1.0]], "distortion": [[-0.07122014434223292, 1.4580069795527382, 0.024150143766696143, -0.013457409686394998, -4.647854548491678]]}