{"matrix": [[1450.9051891580334, 0.0, 645.0439017310752], [0.0, 1525.5093213753462, 244.5188858465601], [0.0, 0.0, 1.0]], "distortion": [[0.14023873117527672, 0.15701396999386893, -0.08368612453759612, -0.0011117062798827165, -0.9181791687628752]]}